bucket,sinal_intra_serie,espalhamento_entre_series,razao,n_series
t≤50,-0.0005209401333702889,0.04377284903551329,-0.011900987595019133,970
50<t≤150,0.001965545247372018,0.06959335906872141,0.028243287487116395,1168
150<t≤400,0.006623752010247201,0.10746027302277243,0.061639076692495735,1636
t>400,0.007078903568801073,0.12828550060890062,0.05518085469676165,1087
